{
    "accuracy": 0.7030567685589519,
    "report": {
        "4": {
            "precision": 0.0,
            "recall": 0.0,
            "f1-score": 0.0,
            "support": 6.0
        },
        "5": {
            "precision": 0.719626168224299,
            "recall": 0.8020833333333334,
            "f1-score": 0.7586206896551724,
            "support": 96.0
        },
        "6": {
            "precision": 0.6804123711340206,
            "recall": 0.6666666666666666,
            "f1-score": 0.673469387755102,
            "support": 99.0
        },
        "7": {
            "precision": 0.72,
            "recall": 0.6923076923076923,
            "f1-score": 0.7058823529411765,
            "support": 26.0
        },
        "8": {
            "precision": 0.0,
            "recall": 0.0,
            "f1-score": 0.0,
            "support": 2.0
        },
        "accuracy": 0.7030567685589519,
        "macro avg": {
            "precision": 0.424007707871664,
            "recall": 0.4322115384615385,
            "f1-score": 0.42759448607029016,
            "support": 229.0
        },
        "weighted avg": {
            "precision": 0.6775761436323177,
            "recall": 0.7030567685589519,
            "f1-score": 0.6893187631926734,
            "support": 229.0
        }
    }
}